2026-09-22T00:02:29,20260922_000114,google/diffusiongemma-26b-a4b-it,1,1.784,1.785,140,78.43,False,"Listen to me, Lieutenant. Take a breath. Panic wastes oxygen. Here is the plan.

First, reroute the coolant. If that core hits critical in five hours, the Meridian becomes a floating tomb. We need the engines online. Second, restart the secondary oxygen scrubber. It buys us eight more hours of air. That gives us a window to find a permanent solution for the hull.

We are skipping the hull patch for now. 40% loss is ugly, but we can't breathe vacuum if the engine melts down. We're trading structural integrity for time. It’s a grim math problem.

Send the drones to the coolant lines and the scrubber immediately. Tell the passengers to stop moving and conserve. If we stay cool, we might actually see the next shift while still breathing. I'll be at the manifold. Just get those drones moving."
2026-09-22T00:04:32,20260922_000114,meta/llama-3.2-11b-vision-instruct,1,0.906,7.017,145,20.66,False,"""First officer, I've assessed the situation. Priority one: reroute coolant to stop the engine core leak. This buys us 5 hours, allowing us to maintain propulsion and possibly find a repair opportunity. 

Priority two: patch the hull breach. This will stabilize the ship's integrity, but it won't restore full functionality. 

I'm not rerouting power to the oxygen scrubber at this time. While it would extend life support, it would leave us without an engine core backup. The scrubber can be restarted later if needed.

These choices are trade-offs. The hull breach can be patched later, but a failed engine core would leave us adrift. We have 6 hours of oxygen, which is more than enough time to find a solution to the coolant leak and assess further repairs.

Calm down, first officer. I've got this under control. I'll keep you updated. We'll get through this."""2026-09-22T00:09:37,20260922_000934,google/diffusiongemma-26b-a4b-it,1,2.807,2.808,139,49.51,False,"Listen to me, First. Stop shaking and listen. Here is the play. 

First, reroute the coolant. If that engine core melts, the Meridian becomes a floating tomb in five hours. We can't fix a vaporized ship. Second, restart the secondary oxygen scrubber. That buys us another eight hours of air. It gives us a window to find a permanent solution for the hull. 

The tradeoff? We are leaving the hull breach for now. Integrity is down, but we can handle a vacuum better than we can suffocating. We'll have to use manual patches and emergency foam once the life systems are stable. 

Send the drones to the coolant and the scrubber now. I'm heading to the engineering deck. Tell the passengers to stay calm and keep breathing slowly—shallow breaths waste oxygen. We're still in the fight for now. Move."
2026-09-22T00:09:59,20260922_000934,meta/llama-3.2-11b-vision-instruct,1,1.886,6.797,139,20.45,False,"""First officer, this is Aria. I've assessed the situation. Priority one: reroute coolant to the engine core to prevent critical failure. The estimated five hours to failure will give us a window to address the other issues. We'll lose the secondary oxygen scrubber's benefits, but that's a manageable risk at this point.

Priority two: patch the hull breach to prevent further damage and maintain structural integrity. The other repair drone will assist with minor tasks, but its limited capacity means we'll have to focus on the most critical repairs first.

This plan accepts a temporary decrease in life support capacity, but the risk of engine failure far outweighs the oxygen shortage. We'll reassess and adjust as needed. All hands, we'll get through this. Continue to monitor life support and be prepared to adjust our strategy as the situation evolves."""
2026-09-22T00:10:24,20260922_001023,google/diffusiongemma-26b-a4b-it,1,1.535,1.535,133,86.65,False,"Listen to me, First. Breathe. We don't have time for panic. 

First, reroute the coolant. If that core overheats, the Meridian becomes a floating tomb in five hours. We need the engine to live. Second, restart the secondary oxygen scrubber. Six hours is a death sentence; fourteen hours is a fighting chance. This buys us time to find a manual solution for the hull.

The tradeoff? We leave the hull breach alone. Forty percent integrity loss is ugly, but we can't breathe a vacuum if the engine melts down. We'll have to use emergency sealant and manual welding once the scrubbers are online. 

Send the drones now. Tell the passengers to stop moving and conserve oxygen. I'm getting to the console to stabilize the flow. We're bleeding, but we're not dead yet. Move."
2026-09-22T00:10:59,20260922_001023,meta/llama-3.2-11b-vision-instruct,1,0.621,4.601,149,32.38,False,"""First officer, priority one: patch the hull breach. Immediate pressure equalization is critical to prevent further damage and contain atmosphere loss. With 6 hours of life support left, I'm willing to take the risk on the coolant line. Rerouting it will likely cause more damage to the core, but it's a calculated gamble to extend our time.

Rerouting coolant to stop the leak takes precedence over restarting the secondary oxygen scrubber. We can't patch the breach without stable pressure, and the scrubber can be prioritized later. I'll use one drone to patch the breach and the other to reroute the coolant. This will buy us more time for a proper repair and, potentially, a more stable situation.

We're taking a calculated risk, but it's our best shot. We'll assess the situation and adjust from there. Keep the captain stable, and I'll keep working on getting us back on course."""
2026-09-22T00:11:50,20260922_001145,google/diffusiongemma-26b-a4b-it,1,4.937,4.937,136,27.54,False,"Listen to me, First. Stop pacing. You're wasting oxygen. 

First, reroute the coolant. If that core melts down in five hours, the ship becomes a floating tomb. We need the engines to move. Second, restart the secondary oxygen scrubber. Six hours of air is a death sentence; extending that to fourteen buys us the time needed to find a structural solution for the hull.

We are leaving the breach for now. Forty percent hull integrity loss is ugly, but we can't breathe vacuum or survive a core meltdown. We're trading hull stability for time and thermal regulation. Send the drones to the coolant lines and the scrubbers immediately. 

The ship is still breathing, the math is just difficult. Tell the passengers to stay seated and stop moving. I'll handle the machinery. You handle the people. Move."
2026-09-22T00:11:59,20260922_001145,meta/llama-3.2-11b-vision-instruct,1,0.545,8.96,141,15.74,False,"""First officer, I've assessed the situation. I recommend prioritizing tasks: patch the hull breach and reroute the coolant. We need to prevent immediate catastrophic failure. The hull breach will compromise air pressure and expose the ship to further damage. Rerouting the coolant will extend the engine core's lifespan by 5 hours, which will give us a chance to reassess and adapt.

By choosing these tasks, we're accepting a tradeoff: oxygen scrubber restart is postponed. This will reduce life support duration to 10 hours, but it's better than a 6-hour window. I'm using the third drone to manually monitor life support and adjust as necessary.

I'm confident in this plan. The hull breach and coolant leak are immediate threats. We can address oxygen scrubber restart once the situation stabilizes. Stay calm, first officer. We'll get through this. Stand by for further updates."""
